{"cameraMode":{"drawMode":0,"name":"Shaded","section":"Shading Mode"},"sceneLighting":false,"audioPlay":false,"sceneViewState":{"showFog":true,"showMaterialUpdate":false,"showSkybox":false,"showFlares":true,"showImageEffects":true,"showParticleSystems":true},"in2DMode":false,"pivot":{"x":0.30000001192092898,"y":0.30000001192092898,"z":0.30000001192092898},"rotation":{"x":0.46197059750556948,"y":0.1309957653284073,"z":-0.06926945596933365,"w":0.8745315074920654},"size":1.7147305011749268,"orthographic":false}