{"cameraMode":{"drawMode":0,"name":"Shaded","section":"Shading Mode"},"sceneLighting":false,"audioPlay":false,"sceneViewState":{"showFog":true,"showMaterialUpdate":false,"showSkybox":false,"showFlares":true,"showImageEffects":true,"showParticleSystems":true},"in2DMode":false,"pivot":{"x":-6.885801315307617,"y":-1.1232290267944337,"z":-0.4889850616455078},"rotation":{"x":0.08014176040887833,"y":0.9156952500343323,"z":-0.2292712926864624,"w":0.32021671533584597},"size":21.526918411254884,"orthographic":false}