{"cameraMode":{"drawMode":0,"name":"Shaded","section":"Shading Mode"},"sceneLighting":false,"audioPlay":false,"sceneViewState":{"showFog":true,"showMaterialUpdate":false,"showSkybox":false,"showFlares":true,"showImageEffects":true,"showParticleSystems":true},"in2DMode":false,"pivot":{"x":-0.004319384694099426,"y":-0.1048387885093689,"z":-0.133188396692276},"rotation":{"x":-0.5804471969604492,"y":0.19114522635936738,"z":-0.14241831004619599,"w":-0.7787736654281616},"size":4.1020827293396,"orthographic":false}