{"cameraMode":{"drawMode":0,"name":"Shaded","section":"Shading Mode"},"sceneLighting":false,"audioPlay":false,"sceneViewState":{"showFog":true,"showMaterialUpdate":false,"showSkybox":false,"showFlares":true,"showImageEffects":true,"showParticleSystems":true},"in2DMode":false,"pivot":{"x":-1.0540342330932618,"y":-0.6830568313598633,"z":-0.05129241943359375},"rotation":{"x":0.23372209072113038,"y":-0.5956490635871887,"z":0.18675588071346284,"w":0.7454578876495361},"size":14.575303077697754,"orthographic":false}