{"cameraMode":{"drawMode":0,"name":"Shaded","section":"Shading Mode"},"sceneLighting":false,"audioPlay":false,"sceneViewState":{"showFog":true,"showMaterialUpdate":false,"showSkybox":false,"showFlares":true,"showImageEffects":true,"showParticleSystems":true},"in2DMode":false,"pivot":{"x":-0.3373923897743225,"y":0.0018869638442993165,"z":-0.3315105438232422},"rotation":{"x":0.24458062648773194,"y":0.22805699706077577,"z":-0.05930418148636818,"w":0.9405782222747803},"size":11.785231590270996,"orthographic":false}