{"cameraMode":{"drawMode":0,"name":"Shaded","section":"Shading Mode"},"sceneLighting":false,"audioPlay":false,"sceneViewState":{"showFog":true,"showMaterialUpdate":false,"showSkybox":false,"showFlares":true,"showImageEffects":true,"showParticleSystems":true},"in2DMode":false,"pivot":{"x":-2.4207210540771486,"y":1.059783935546875,"z":19.928546905517579},"rotation":{"x":0.19172221422195435,"y":0.6120385527610779,"z":-0.15621668100357057,"w":0.7511746287345886},"size":26.034912109375,"orthographic":false}