{"cameraMode":{"drawMode":0,"name":"Shaded","section":"Shading Mode"},"sceneLighting":false,"audioPlay":false,"sceneViewState":{"showFog":true,"showMaterialUpdate":false,"showSkybox":false,"showFlares":true,"showImageEffects":true,"showParticleSystems":true},"in2DMode":false,"pivot":{"x":0.8869185447692871,"y":-0.10939979553222656,"z":41.504478454589847},"rotation":{"x":0.06237585470080376,"y":0.9314423203468323,"z":-0.3028908669948578,"w":0.19183136522769929},"size":11.478753089904786,"orthographic":false}